# Add any additional files needed as resources to this file,,,,,,,,,,,,,,,,,,,,,,,,,,,,,,,,,,,,,,,,,,,,,,,,,,,,,,,,,,,,,,,,,,,,,,,,,,,,,,,,,,,,,,,,,,,,,,,,,,,,,,,,,,,,,,,,,,,,,,,,,,,,,,,,,,,,,,,,,,,,,,,,,,,,,,,
ResidentialHotWaterFixtures,DrawProfiles/MinuteDrawProfilesMaxFlows.csv,DrawProfiles/ShowerSchedule_1bed_unit0.csv,DrawProfiles/ShowerSchedule_2bed_unit0.csv,DrawProfiles/ShowerSchedule_3bed_unit0.csv,DrawProfiles/ShowerSchedule_4bed_unit0.csv,DrawProfiles/ShowerSchedule_5bed_unit0.csv,DrawProfiles/ShowerSchedule_1bed_unit1.csv,DrawProfiles/ShowerSchedule_2bed_unit1.csv,DrawProfiles/ShowerSchedule_3bed_unit1.csv,DrawProfiles/ShowerSchedule_4bed_unit1.csv,DrawProfiles/ShowerSchedule_5bed_unit1.csv,DrawProfiles/ShowerSchedule_1bed_unit2.csv,DrawProfiles/ShowerSchedule_2bed_unit2.csv,DrawProfiles/ShowerSchedule_3bed_unit2.csv,DrawProfiles/ShowerSchedule_4bed_unit2.csv,DrawProfiles/ShowerSchedule_5bed_unit2.csv,DrawProfiles/ShowerSchedule_1bed_unit3.csv,DrawProfiles/ShowerSchedule_2bed_unit3.csv,DrawProfiles/ShowerSchedule_3bed_unit3.csv,DrawProfiles/ShowerSchedule_4bed_unit3.csv,DrawProfiles/ShowerSchedule_5bed_unit3.csv,DrawProfiles/ShowerSchedule_1bed_unit4.csv,DrawProfiles/ShowerSchedule_2bed_unit4.csv,DrawProfiles/ShowerSchedule_3bed_unit4.csv,DrawProfiles/ShowerSchedule_4bed_unit4.csv,DrawProfiles/ShowerSchedule_5bed_unit4.csv,DrawProfiles/ShowerSchedule_1bed_unit5.csv,DrawProfiles/ShowerSchedule_2bed_unit5.csv,DrawProfiles/ShowerSchedule_3bed_unit5.csv,DrawProfiles/ShowerSchedule_4bed_unit5.csv,DrawProfiles/ShowerSchedule_5bed_unit5.csv,DrawProfiles/ShowerSchedule_1bed_unit6.csv,DrawProfiles/ShowerSchedule_2bed_unit6.csv,DrawProfiles/ShowerSchedule_3bed_unit6.csv,DrawProfiles/ShowerSchedule_4bed_unit6.csv,DrawProfiles/ShowerSchedule_5bed_unit6.csv,DrawProfiles/ShowerSchedule_1bed_unit7.csv,DrawProfiles/ShowerSchedule_2bed_unit7.csv,DrawProfiles/ShowerSchedule_3bed_unit7.csv,DrawProfiles/ShowerSchedule_4bed_unit7.csv,DrawProfiles/ShowerSchedule_5bed_unit7.csv,DrawProfiles/ShowerSchedule_1bed_unit8.csv,DrawProfiles/ShowerSchedule_2bed_unit8.csv,DrawProfiles/ShowerSchedule_3bed_unit8.csv,DrawProfiles/ShowerSchedule_4bed_unit8.csv,DrawProfiles/ShowerSchedule_5bed_unit8.csv,DrawProfiles/ShowerSchedule_1bed_unit9.csv,DrawProfiles/ShowerSchedule_2bed_unit9.csv,DrawProfiles/ShowerSchedule_3bed_unit9.csv,DrawProfiles/ShowerSchedule_4bed_unit9.csv,DrawProfiles/ShowerSchedule_5bed_unit9.csv,DrawProfiles/SinkSchedule_1bed_unit0.csv,DrawProfiles/SinkSchedule_2bed_unit0.csv,DrawProfiles/SinkSchedule_3bed_unit0.csv,DrawProfiles/SinkSchedule_4bed_unit0.csv,DrawProfiles/SinkSchedule_5bed_unit0.csv,DrawProfiles/SinkSchedule_1bed_unit1.csv,DrawProfiles/SinkSchedule_2bed_unit1.csv,DrawProfiles/SinkSchedule_3bed_unit1.csv,DrawProfiles/SinkSchedule_4bed_unit1.csv,DrawProfiles/SinkSchedule_5bed_unit1.csv,DrawProfiles/SinkSchedule_1bed_unit2.csv,DrawProfiles/SinkSchedule_2bed_unit2.csv,DrawProfiles/SinkSchedule_3bed_unit2.csv,DrawProfiles/SinkSchedule_4bed_unit2.csv,DrawProfiles/SinkSchedule_5bed_unit2.csv,DrawProfiles/SinkSchedule_1bed_unit3.csv,DrawProfiles/SinkSchedule_2bed_unit3.csv,DrawProfiles/SinkSchedule_3bed_unit3.csv,DrawProfiles/SinkSchedule_4bed_unit3.csv,DrawProfiles/SinkSchedule_5bed_unit3.csv,DrawProfiles/SinkSchedule_1bed_unit4.csv,DrawProfiles/SinkSchedule_2bed_unit4.csv,DrawProfiles/SinkSchedule_3bed_unit4.csv,DrawProfiles/SinkSchedule_4bed_unit4.csv,DrawProfiles/SinkSchedule_5bed_unit4.csv,DrawProfiles/SinkSchedule_1bed_unit5.csv,DrawProfiles/SinkSchedule_2bed_unit5.csv,DrawProfiles/SinkSchedule_3bed_unit5.csv,DrawProfiles/SinkSchedule_4bed_unit5.csv,DrawProfiles/SinkSchedule_5bed_unit5.csv,DrawProfiles/SinkSchedule_1bed_unit6.csv,DrawProfiles/SinkSchedule_2bed_unit6.csv,DrawProfiles/SinkSchedule_3bed_unit6.csv,DrawProfiles/SinkSchedule_4bed_unit6.csv,DrawProfiles/SinkSchedule_5bed_unit6.csv,DrawProfiles/SinkSchedule_1bed_unit7.csv,DrawProfiles/SinkSchedule_2bed_unit7.csv,DrawProfiles/SinkSchedule_3bed_unit7.csv,DrawProfiles/SinkSchedule_4bed_unit7.csv,DrawProfiles/SinkSchedule_5bed_unit7.csv,DrawProfiles/SinkSchedule_1bed_unit8.csv,DrawProfiles/SinkSchedule_2bed_unit8.csv,DrawProfiles/SinkSchedule_3bed_unit8.csv,DrawProfiles/SinkSchedule_4bed_unit8.csv,DrawProfiles/SinkSchedule_5bed_unit8.csv,DrawProfiles/SinkSchedule_1bed_unit9.csv,DrawProfiles/SinkSchedule_2bed_unit9.csv,DrawProfiles/SinkSchedule_3bed_unit9.csv,DrawProfiles/SinkSchedule_4bed_unit9.csv,DrawProfiles/SinkSchedule_5bed_unit9.csv,DrawProfiles/BathSchedule_1bed_unit0.csv,DrawProfiles/BathSchedule_2bed_unit0.csv,DrawProfiles/BathSchedule_3bed_unit0.csv,DrawProfiles/BathSchedule_4bed_unit0.csv,DrawProfiles/BathSchedule_5bed_unit0.csv,DrawProfiles/BathSchedule_1bed_unit1.csv,DrawProfiles/BathSchedule_2bed_unit1.csv,DrawProfiles/BathSchedule_3bed_unit1.csv,DrawProfiles/BathSchedule_4bed_unit1.csv,DrawProfiles/BathSchedule_5bed_unit1.csv,DrawProfiles/BathSchedule_1bed_unit2.csv,DrawProfiles/BathSchedule_2bed_unit2.csv,DrawProfiles/BathSchedule_3bed_unit2.csv,DrawProfiles/BathSchedule_4bed_unit2.csv,DrawProfiles/BathSchedule_5bed_unit2.csv,DrawProfiles/BathSchedule_1bed_unit3.csv,DrawProfiles/BathSchedule_2bed_unit3.csv,DrawProfiles/BathSchedule_3bed_unit3.csv,DrawProfiles/BathSchedule_4bed_unit3.csv,DrawProfiles/BathSchedule_5bed_unit3.csv,DrawProfiles/BathSchedule_1bed_unit4.csv,DrawProfiles/BathSchedule_2bed_unit4.csv,DrawProfiles/BathSchedule_3bed_unit4.csv,DrawProfiles/BathSchedule_4bed_unit4.csv,DrawProfiles/BathSchedule_5bed_unit4.csv,DrawProfiles/BathSchedule_1bed_unit5.csv,DrawProfiles/BathSchedule_2bed_unit5.csv,DrawProfiles/BathSchedule_3bed_unit5.csv,DrawProfiles/BathSchedule_4bed_unit5.csv,DrawProfiles/BathSchedule_5bed_unit5.csv,DrawProfiles/BathSchedule_1bed_unit6.csv,DrawProfiles/BathSchedule_2bed_unit6.csv,DrawProfiles/BathSchedule_3bed_unit6.csv,DrawProfiles/BathSchedule_4bed_unit6.csv,DrawProfiles/BathSchedule_5bed_unit6.csv,DrawProfiles/BathSchedule_1bed_unit7.csv,DrawProfiles/BathSchedule_2bed_unit7.csv,DrawProfiles/BathSchedule_3bed_unit7.csv,DrawProfiles/BathSchedule_4bed_unit7.csv,DrawProfiles/BathSchedule_5bed_unit7.csv,DrawProfiles/BathSchedule_1bed_unit8.csv,DrawProfiles/BathSchedule_2bed_unit8.csv,DrawProfiles/BathSchedule_3bed_unit8.csv,DrawProfiles/BathSchedule_4bed_unit8.csv,DrawProfiles/BathSchedule_5bed_unit8.csv,DrawProfiles/BathSchedule_1bed_unit9.csv,DrawProfiles/BathSchedule_2bed_unit9.csv,DrawProfiles/BathSchedule_3bed_unit9.csv,DrawProfiles/BathSchedule_4bed_unit9.csv,DrawProfiles/BathSchedule_5bed_unit9.csv
ResidentialHotWaterDistribution,DrawProfiles/MinuteDrawProfilesMaxFlows.csv,DrawProfiles/ShowerSchedule_1bed_unit0.csv,DrawProfiles/ShowerSchedule_2bed_unit0.csv,DrawProfiles/ShowerSchedule_3bed_unit0.csv,DrawProfiles/ShowerSchedule_4bed_unit0.csv,DrawProfiles/ShowerSchedule_5bed_unit0.csv,DrawProfiles/ShowerSchedule_1bed_unit1.csv,DrawProfiles/ShowerSchedule_2bed_unit1.csv,DrawProfiles/ShowerSchedule_3bed_unit1.csv,DrawProfiles/ShowerSchedule_4bed_unit1.csv,DrawProfiles/ShowerSchedule_5bed_unit1.csv,DrawProfiles/ShowerSchedule_1bed_unit2.csv,DrawProfiles/ShowerSchedule_2bed_unit2.csv,DrawProfiles/ShowerSchedule_3bed_unit2.csv,DrawProfiles/ShowerSchedule_4bed_unit2.csv,DrawProfiles/ShowerSchedule_5bed_unit2.csv,DrawProfiles/ShowerSchedule_1bed_unit3.csv,DrawProfiles/ShowerSchedule_2bed_unit3.csv,DrawProfiles/ShowerSchedule_3bed_unit3.csv,DrawProfiles/ShowerSchedule_4bed_unit3.csv,DrawProfiles/ShowerSchedule_5bed_unit3.csv,DrawProfiles/ShowerSchedule_1bed_unit4.csv,DrawProfiles/ShowerSchedule_2bed_unit4.csv,DrawProfiles/ShowerSchedule_3bed_unit4.csv,DrawProfiles/ShowerSchedule_4bed_unit4.csv,DrawProfiles/ShowerSchedule_5bed_unit4.csv,DrawProfiles/ShowerSchedule_1bed_unit5.csv,DrawProfiles/ShowerSchedule_2bed_unit5.csv,DrawProfiles/ShowerSchedule_3bed_unit5.csv,DrawProfiles/ShowerSchedule_4bed_unit5.csv,DrawProfiles/ShowerSchedule_5bed_unit5.csv,DrawProfiles/ShowerSchedule_1bed_unit6.csv,DrawProfiles/ShowerSchedule_2bed_unit6.csv,DrawProfiles/ShowerSchedule_3bed_unit6.csv,DrawProfiles/ShowerSchedule_4bed_unit6.csv,DrawProfiles/ShowerSchedule_5bed_unit6.csv,DrawProfiles/ShowerSchedule_1bed_unit7.csv,DrawProfiles/ShowerSchedule_2bed_unit7.csv,DrawProfiles/ShowerSchedule_3bed_unit7.csv,DrawProfiles/ShowerSchedule_4bed_unit7.csv,DrawProfiles/ShowerSchedule_5bed_unit7.csv,DrawProfiles/ShowerSchedule_1bed_unit8.csv,DrawProfiles/ShowerSchedule_2bed_unit8.csv,DrawProfiles/ShowerSchedule_3bed_unit8.csv,DrawProfiles/ShowerSchedule_4bed_unit8.csv,DrawProfiles/ShowerSchedule_5bed_unit8.csv,DrawProfiles/ShowerSchedule_1bed_unit9.csv,DrawProfiles/ShowerSchedule_2bed_unit9.csv,DrawProfiles/ShowerSchedule_3bed_unit9.csv,DrawProfiles/ShowerSchedule_4bed_unit9.csv,DrawProfiles/ShowerSchedule_5bed_unit9.csv,DrawProfiles/SinkSchedule_1bed_unit0.csv,DrawProfiles/SinkSchedule_2bed_unit0.csv,DrawProfiles/SinkSchedule_3bed_unit0.csv,DrawProfiles/SinkSchedule_4bed_unit0.csv,DrawProfiles/SinkSchedule_5bed_unit0.csv,DrawProfiles/SinkSchedule_1bed_unit1.csv,DrawProfiles/SinkSchedule_2bed_unit1.csv,DrawProfiles/SinkSchedule_3bed_unit1.csv,DrawProfiles/SinkSchedule_4bed_unit1.csv,DrawProfiles/SinkSchedule_5bed_unit1.csv,DrawProfiles/SinkSchedule_1bed_unit2.csv,DrawProfiles/SinkSchedule_2bed_unit2.csv,DrawProfiles/SinkSchedule_3bed_unit2.csv,DrawProfiles/SinkSchedule_4bed_unit2.csv,DrawProfiles/SinkSchedule_5bed_unit2.csv,DrawProfiles/SinkSchedule_1bed_unit3.csv,DrawProfiles/SinkSchedule_2bed_unit3.csv,DrawProfiles/SinkSchedule_3bed_unit3.csv,DrawProfiles/SinkSchedule_4bed_unit3.csv,DrawProfiles/SinkSchedule_5bed_unit3.csv,DrawProfiles/SinkSchedule_1bed_unit4.csv,DrawProfiles/SinkSchedule_2bed_unit4.csv,DrawProfiles/SinkSchedule_3bed_unit4.csv,DrawProfiles/SinkSchedule_4bed_unit4.csv,DrawProfiles/SinkSchedule_5bed_unit4.csv,DrawProfiles/SinkSchedule_1bed_unit5.csv,DrawProfiles/SinkSchedule_2bed_unit5.csv,DrawProfiles/SinkSchedule_3bed_unit5.csv,DrawProfiles/SinkSchedule_4bed_unit5.csv,DrawProfiles/SinkSchedule_5bed_unit5.csv,DrawProfiles/SinkSchedule_1bed_unit6.csv,DrawProfiles/SinkSchedule_2bed_unit6.csv,DrawProfiles/SinkSchedule_3bed_unit6.csv,DrawProfiles/SinkSchedule_4bed_unit6.csv,DrawProfiles/SinkSchedule_5bed_unit6.csv,DrawProfiles/SinkSchedule_1bed_unit7.csv,DrawProfiles/SinkSchedule_2bed_unit7.csv,DrawProfiles/SinkSchedule_3bed_unit7.csv,DrawProfiles/SinkSchedule_4bed_unit7.csv,DrawProfiles/SinkSchedule_5bed_unit7.csv,DrawProfiles/SinkSchedule_1bed_unit8.csv,DrawProfiles/SinkSchedule_2bed_unit8.csv,DrawProfiles/SinkSchedule_3bed_unit8.csv,DrawProfiles/SinkSchedule_4bed_unit8.csv,DrawProfiles/SinkSchedule_5bed_unit8.csv,DrawProfiles/SinkSchedule_1bed_unit9.csv,DrawProfiles/SinkSchedule_2bed_unit9.csv,DrawProfiles/SinkSchedule_3bed_unit9.csv,DrawProfiles/SinkSchedule_4bed_unit9.csv,DrawProfiles/SinkSchedule_5bed_unit9.csv,DrawProfiles/BathSchedule_1bed_unit0.csv,DrawProfiles/BathSchedule_2bed_unit0.csv,DrawProfiles/BathSchedule_3bed_unit0.csv,DrawProfiles/BathSchedule_4bed_unit0.csv,DrawProfiles/BathSchedule_5bed_unit0.csv,DrawProfiles/BathSchedule_1bed_unit1.csv,DrawProfiles/BathSchedule_2bed_unit1.csv,DrawProfiles/BathSchedule_3bed_unit1.csv,DrawProfiles/BathSchedule_4bed_unit1.csv,DrawProfiles/BathSchedule_5bed_unit1.csv,DrawProfiles/BathSchedule_1bed_unit2.csv,DrawProfiles/BathSchedule_2bed_unit2.csv,DrawProfiles/BathSchedule_3bed_unit2.csv,DrawProfiles/BathSchedule_4bed_unit2.csv,DrawProfiles/BathSchedule_5bed_unit2.csv,DrawProfiles/BathSchedule_1bed_unit3.csv,DrawProfiles/BathSchedule_2bed_unit3.csv,DrawProfiles/BathSchedule_3bed_unit3.csv,DrawProfiles/BathSchedule_4bed_unit3.csv,DrawProfiles/BathSchedule_5bed_unit3.csv,DrawProfiles/BathSchedule_1bed_unit4.csv,DrawProfiles/BathSchedule_2bed_unit4.csv,DrawProfiles/BathSchedule_3bed_unit4.csv,DrawProfiles/BathSchedule_4bed_unit4.csv,DrawProfiles/BathSchedule_5bed_unit4.csv,DrawProfiles/BathSchedule_1bed_unit5.csv,DrawProfiles/BathSchedule_2bed_unit5.csv,DrawProfiles/BathSchedule_3bed_unit5.csv,DrawProfiles/BathSchedule_4bed_unit5.csv,DrawProfiles/BathSchedule_5bed_unit5.csv,DrawProfiles/BathSchedule_1bed_unit6.csv,DrawProfiles/BathSchedule_2bed_unit6.csv,DrawProfiles/BathSchedule_3bed_unit6.csv,DrawProfiles/BathSchedule_4bed_unit6.csv,DrawProfiles/BathSchedule_5bed_unit6.csv,DrawProfiles/BathSchedule_1bed_unit7.csv,DrawProfiles/BathSchedule_2bed_unit7.csv,DrawProfiles/BathSchedule_3bed_unit7.csv,DrawProfiles/BathSchedule_4bed_unit7.csv,DrawProfiles/BathSchedule_5bed_unit7.csv,DrawProfiles/BathSchedule_1bed_unit8.csv,DrawProfiles/BathSchedule_2bed_unit8.csv,DrawProfiles/BathSchedule_3bed_unit8.csv,DrawProfiles/BathSchedule_4bed_unit8.csv,DrawProfiles/BathSchedule_5bed_unit8.csv,DrawProfiles/BathSchedule_1bed_unit9.csv,DrawProfiles/BathSchedule_2bed_unit9.csv,DrawProfiles/BathSchedule_3bed_unit9.csv,DrawProfiles/BathSchedule_4bed_unit9.csv,DrawProfiles/BathSchedule_5bed_unit9.csv
ResidentialApplianceClothesWasher,DrawProfiles/MinuteDrawProfilesMaxFlows.csv,DrawProfiles/ClothesWasherSchedule_1bed_unit0.csv,DrawProfiles/ClothesWasherSchedule_2bed_unit0.csv,DrawProfiles/ClothesWasherSchedule_3bed_unit0.csv,DrawProfiles/ClothesWasherSchedule_4bed_unit0.csv,DrawProfiles/ClothesWasherSchedule_5bed_unit0.csv,DrawProfiles/ClothesWasherSchedule_1bed_unit1.csv,DrawProfiles/ClothesWasherSchedule_2bed_unit1.csv,DrawProfiles/ClothesWasherSchedule_3bed_unit1.csv,DrawProfiles/ClothesWasherSchedule_4bed_unit1.csv,DrawProfiles/ClothesWasherSchedule_5bed_unit1.csv,DrawProfiles/ClothesWasherSchedule_1bed_unit2.csv,DrawProfiles/ClothesWasherSchedule_2bed_unit2.csv,DrawProfiles/ClothesWasherSchedule_3bed_unit2.csv,DrawProfiles/ClothesWasherSchedule_4bed_unit2.csv,DrawProfiles/ClothesWasherSchedule_5bed_unit2.csv,DrawProfiles/ClothesWasherSchedule_1bed_unit3.csv,DrawProfiles/ClothesWasherSchedule_2bed_unit3.csv,DrawProfiles/ClothesWasherSchedule_3bed_unit3.csv,DrawProfiles/ClothesWasherSchedule_4bed_unit3.csv,DrawProfiles/ClothesWasherSchedule_5bed_unit3.csv,DrawProfiles/ClothesWasherSchedule_1bed_unit4.csv,DrawProfiles/ClothesWasherSchedule_2bed_unit4.csv,DrawProfiles/ClothesWasherSchedule_3bed_unit4.csv,DrawProfiles/ClothesWasherSchedule_4bed_unit4.csv,DrawProfiles/ClothesWasherSchedule_5bed_unit4.csv,DrawProfiles/ClothesWasherSchedule_1bed_unit5.csv,DrawProfiles/ClothesWasherSchedule_2bed_unit5.csv,DrawProfiles/ClothesWasherSchedule_3bed_unit5.csv,DrawProfiles/ClothesWasherSchedule_4bed_unit5.csv,DrawProfiles/ClothesWasherSchedule_5bed_unit5.csv,DrawProfiles/ClothesWasherSchedule_1bed_unit6.csv,DrawProfiles/ClothesWasherSchedule_2bed_unit6.csv,DrawProfiles/ClothesWasherSchedule_3bed_unit6.csv,DrawProfiles/ClothesWasherSchedule_4bed_unit6.csv,DrawProfiles/ClothesWasherSchedule_5bed_unit6.csv,DrawProfiles/ClothesWasherSchedule_1bed_unit7.csv,DrawProfiles/ClothesWasherSchedule_2bed_unit7.csv,DrawProfiles/ClothesWasherSchedule_3bed_unit7.csv,DrawProfiles/ClothesWasherSchedule_4bed_unit7.csv,DrawProfiles/ClothesWasherSchedule_5bed_unit7.csv,DrawProfiles/ClothesWasherSchedule_1bed_unit8.csv,DrawProfiles/ClothesWasherSchedule_2bed_unit8.csv,DrawProfiles/ClothesWasherSchedule_3bed_unit8.csv,DrawProfiles/ClothesWasherSchedule_4bed_unit8.csv,DrawProfiles/ClothesWasherSchedule_5bed_unit8.csv,DrawProfiles/ClothesWasherSchedule_1bed_unit9.csv,DrawProfiles/ClothesWasherSchedule_2bed_unit9.csv,DrawProfiles/ClothesWasherSchedule_3bed_unit9.csv,DrawProfiles/ClothesWasherSchedule_4bed_unit9.csv,DrawProfiles/ClothesWasherSchedule_5bed_unit9.csv,,,,,,,,,,,,,,,,,,,,,,,,,,,,,,,,,,,,,,,,,,,,,,,,,,,,,,,,,,,,,,,,,,,,,,,,,,,,,,,,,,,,,,,,,,,,,,,,,,,,
ResidentialApplianceDishwasher,DrawProfiles/MinuteDrawProfilesMaxFlows.csv,DrawProfiles/DishwasherSchedule_1bed_unit0.csv,DrawProfiles/DishwasherSchedule_2bed_unit0.csv,DrawProfiles/DishwasherSchedule_3bed_unit0.csv,DrawProfiles/DishwasherSchedule_4bed_unit0.csv,DrawProfiles/DishwasherSchedule_5bed_unit0.csv,DrawProfiles/DishwasherSchedule_1bed_unit1.csv,DrawProfiles/DishwasherSchedule_2bed_unit1.csv,DrawProfiles/DishwasherSchedule_3bed_unit1.csv,DrawProfiles/DishwasherSchedule_4bed_unit1.csv,DrawProfiles/DishwasherSchedule_5bed_unit1.csv,DrawProfiles/DishwasherSchedule_1bed_unit2.csv,DrawProfiles/DishwasherSchedule_2bed_unit2.csv,DrawProfiles/DishwasherSchedule_3bed_unit2.csv,DrawProfiles/DishwasherSchedule_4bed_unit2.csv,DrawProfiles/DishwasherSchedule_5bed_unit2.csv,DrawProfiles/DishwasherSchedule_1bed_unit3.csv,DrawProfiles/DishwasherSchedule_2bed_unit3.csv,DrawProfiles/DishwasherSchedule_3bed_unit3.csv,DrawProfiles/DishwasherSchedule_4bed_unit3.csv,DrawProfiles/DishwasherSchedule_5bed_unit3.csv,DrawProfiles/DishwasherSchedule_1bed_unit4.csv,DrawProfiles/DishwasherSchedule_2bed_unit4.csv,DrawProfiles/DishwasherSchedule_3bed_unit4.csv,DrawProfiles/DishwasherSchedule_4bed_unit4.csv,DrawProfiles/DishwasherSchedule_5bed_unit4.csv,DrawProfiles/DishwasherSchedule_1bed_unit5.csv,DrawProfiles/DishwasherSchedule_2bed_unit5.csv,DrawProfiles/DishwasherSchedule_3bed_unit5.csv,DrawProfiles/DishwasherSchedule_4bed_unit5.csv,DrawProfiles/DishwasherSchedule_5bed_unit5.csv,DrawProfiles/DishwasherSchedule_1bed_unit6.csv,DrawProfiles/DishwasherSchedule_2bed_unit6.csv,DrawProfiles/DishwasherSchedule_3bed_unit6.csv,DrawProfiles/DishwasherSchedule_4bed_unit6.csv,DrawProfiles/DishwasherSchedule_5bed_unit6.csv,DrawProfiles/DishwasherSchedule_1bed_unit7.csv,DrawProfiles/DishwasherSchedule_2bed_unit7.csv,DrawProfiles/DishwasherSchedule_3bed_unit7.csv,DrawProfiles/DishwasherSchedule_4bed_unit7.csv,DrawProfiles/DishwasherSchedule_5bed_unit7.csv,DrawProfiles/DishwasherSchedule_1bed_unit8.csv,DrawProfiles/DishwasherSchedule_2bed_unit8.csv,DrawProfiles/DishwasherSchedule_3bed_unit8.csv,DrawProfiles/DishwasherSchedule_4bed_unit8.csv,DrawProfiles/DishwasherSchedule_5bed_unit8.csv,DrawProfiles/DishwasherSchedule_1bed_unit9.csv,DrawProfiles/DishwasherSchedule_2bed_unit9.csv,DrawProfiles/DishwasherSchedule_3bed_unit9.csv,DrawProfiles/DishwasherSchedule_4bed_unit9.csv,DrawProfiles/DishwasherSchedule_5bed_unit9.csv,,,,,,,,,,,,,,,,,,,,,,,,,,,,,,,,,,,,,,,,,,,,,,,,,,,,,,,,,,,,,,,,,,,,,,,,,,,,,,,,,,,,,,,,,,,,,,,,,,,,
ResidentialLocation,USA_CO_Denver_Intl_AP_725650_TMY3.ddy,USA_CO_Denver_Intl_AP_725650_TMY3.epw,climate_zones.csv,,,,,,,,,,,,,,,,,,,,,,,,,,,,,,,,,,,,,,,,,,,,,,,,,,,,,,,,,,,,,,,,,,,,,,,,,,,,,,,,,,,,,,,,,,,,,,,,,,,,,,,,,,,,,,,,,,,,,,,,,,,,,,,,,,,,,,,,,,,,,,,,,,,,
ResidentialAirflow,ASHRAE622WSF.csv,,,,,,,,,,,,,,,,,,,,,,,,,,,,,,,,,,,,,,,,,,,,,,,,,,,,,,,,,,,,,,,,,,,,,,,,,,,,,,,,,,,,,,,,,,,,,,,,,,,,,,,,,,,,,,,,,,,,,,,,,,,,,,,,,,,,,,,,,,,,,,,,,,,,,,
ResidentialHotWaterHeaterTankElectric,DrawProfiles/MinuteDrawProfilesMaxFlows.csv,,,,,,,,,,,,,,,,,,,,,,,,,,,,,,,,,,,,,,,,,,,,,,,,,,,,,,,,,,,,,,,,,,,,,,,,,,,,,,,,,,,,,,,,,,,,,,,,,,,,,,,,,,,,,,,,,,,,,,,,,,,,,,,,,,,,,,,,,,,,,,,,,,,,,,
ResidentialHotWaterHeaterTankGas,DrawProfiles/MinuteDrawProfilesMaxFlows.csv,,,,,,,,,,,,,,,,,,,,,,,,,,,,,,,,,,,,,,,,,,,,,,,,,,,,,,,,,,,,,,,,,,,,,,,,,,,,,,,,,,,,,,,,,,,,,,,,,,,,,,,,,,,,,,,,,,,,,,,,,,,,,,,,,,,,,,,,,,,,,,,,,,,,,,
ResidentialHotWaterHeaterTanklessElectric,DrawProfiles/MinuteDrawProfilesMaxFlows.csv,,,,,,,,,,,,,,,,,,,,,,,,,,,,,,,,,,,,,,,,,,,,,,,,,,,,,,,,,,,,,,,,,,,,,,,,,,,,,,,,,,,,,,,,,,,,,,,,,,,,,,,,,,,,,,,,,,,,,,,,,,,,,,,,,,,,,,,,,,,,,,,,,,,,,,
ResidentialHotWaterHeaterTanklessGas,DrawProfiles/MinuteDrawProfilesMaxFlows.csv,,,,,,,,,,,,,,,,,,,,,,,,,,,,,,,,,,,,,,,,,,,,,,,,,,,,,,,,,,,,,,,,,,,,,,,,,,,,,,,,,,,,,,,,,,,,,,,,,,,,,,,,,,,,,,,,,,,,,,,,,,,,,,,,,,,,,,,,,,,,,,,,,,,,,,
ResidentialHotWaterHeaterTanklessPropane,DrawProfiles/MinuteDrawProfilesMaxFlows.csv,,,,,,,,,,,,,,,,,,,,,,,,,,,,,,,,,,,,,,,,,,,,,,,,,,,,,,,,,,,,,,,,,,,,,,,,,,,,,,,,,,,,,,,,,,,,,,,,,,,,,,,,,,,,,,,,,,,,,,,,,,,,,,,,,,,,,,,,,,,,,,,,,,,,,,
ResidentialHotWaterHeaterTankOil,DrawProfiles/MinuteDrawProfilesMaxFlows.csv,,,,,,,,,,,,,,,,,,,,,,,,,,,,,,,,,,,,,,,,,,,,,,,,,,,,,,,,,,,,,,,,,,,,,,,,,,,,,,,,,,,,,,,,,,,,,,,,,,,,,,,,,,,,,,,,,,,,,,,,,,,,,,,,,,,,,,,,,,,,,,,,,,,,,,
ResidentialHotWaterHeaterTankPropane,DrawProfiles/MinuteDrawProfilesMaxFlows.csv,,,,,,,,,,,,,,,,,,,,,,,,,,,,,,,,,,,,,,,,,,,,,,,,,,,,,,,,,,,,,,,,,,,,,,,,,,,,,,,,,,,,,,,,,,,,,,,,,,,,,,,,,,,,,,,,,,,,,,,,,,,,,,,,,,,,,,,,,,,,,,,,,,,,,,
