type,subtype,program,1A,1B,1C,2A,2B,2C,3A,3B,3C,4A,4B,4C,5A,5B,5C,6A,6B,6C,7,8
radiant_barrier_bool,has_radiant_barrier,SF_National_3.0,TRUE,TRUE,TRUE,TRUE,TRUE,TRUE,TRUE,TRUE,TRUE,FALSE,FALSE,FALSE,FALSE,FALSE,FALSE,FALSE,FALSE,FALSE,FALSE,FALSE
radiant_barrier_bool,,SF_National_3.0,FALSE,FALSE,FALSE,FALSE,FALSE,FALSE,FALSE,FALSE,FALSE,FALSE,FALSE,FALSE,FALSE,FALSE,FALSE,FALSE,FALSE,FALSE,FALSE,FALSE
radiant_barrier_bool,,SF_National_3.1,FALSE,FALSE,FALSE,FALSE,FALSE,FALSE,FALSE,FALSE,FALSE,FALSE,FALSE,FALSE,FALSE,FALSE,FALSE,FALSE,FALSE,FALSE,FALSE,FALSE
radiant_barrier_bool,,SF_National_3.2,FALSE,FALSE,FALSE,FALSE,FALSE,FALSE,FALSE,FALSE,FALSE,FALSE,FALSE,FALSE,FALSE,FALSE,FALSE,FALSE,FALSE,FALSE,FALSE,FALSE
radiant_barrier_bool,has_radiant_barrier,SF_Pacific_3.0,TRUE,TRUE,TRUE,,,,,,,,,,,,,,,,,
radiant_barrier_bool,,SF_Pacific_3.0,FALSE,FALSE,FALSE,,,,,,,,,,,,,,,,,
radiant_barrier_bool,,SF_Florida_3.1,TRUE,TRUE,TRUE,TRUE,TRUE,TRUE,,,,,,,,,,,,,,
radiant_barrier_bool,,SF_OregonWashington_3.2,,,,,,,,,,,,FALSE,FALSE,FALSE,FALSE,FALSE,FALSE,FALSE,,
radiant_barrier_bool,has_radiant_barrier,MF_National_1.0,TRUE,TRUE,TRUE,TRUE,TRUE,TRUE,TRUE,TRUE,TRUE,FALSE,FALSE,FALSE,FALSE,FALSE,FALSE,FALSE,FALSE,FALSE,FALSE,FALSE
radiant_barrier_bool,,MF_National_1.0,FALSE,FALSE,FALSE,FALSE,FALSE,FALSE,FALSE,FALSE,FALSE,FALSE,FALSE,FALSE,FALSE,FALSE,FALSE,FALSE,FALSE,FALSE,FALSE,FALSE
radiant_barrier_bool,,MF_National_1.1,FALSE,FALSE,FALSE,FALSE,FALSE,FALSE,FALSE,FALSE,FALSE,FALSE,FALSE,FALSE,FALSE,FALSE,FALSE,FALSE,FALSE,FALSE,FALSE,FALSE
radiant_barrier_bool,,MF_National_1.2,FALSE,FALSE,FALSE,FALSE,FALSE,FALSE,FALSE,FALSE,FALSE,FALSE,FALSE,FALSE,FALSE,FALSE,FALSE,FALSE,FALSE,FALSE,FALSE,FALSE
radiant_barrier_bool,,MF_OregonWashington_1.2,,,,,,,,,,,,FALSE,FALSE,FALSE,FALSE,FALSE,FALSE,FALSE,,
infil_air_leakage,,SF_National_3.0,6,6,6,6,6,6,5,5,5,5,5,4,4,4,4,4,4,4,4,3
infil_air_leakage,,SF_National_3.1,4,4,4,4,4,4,3,3,3,3,3,3,3,3,3,3,3,3,3,3
infil_air_leakage,,SF_National_3.2,3,3,3,3,3,3,3,3,3,3,3,3,3,3,3,3,3,3,3,3
infil_air_leakage,,SF_Pacific_3.0,6,6,6,,,,,,,,,,,,,,,,,
infil_air_leakage,,SF_Florida_3.1,5,5,5,5,5,5,,,,,,,,,,,,,,
infil_air_leakage,,SF_OregonWashington_3.2,,,,,,,,,,,,3,3,3,3,3,3,3,,
infil_air_leakage,,MF_National_1.0,0.3,0.3,0.3,0.3,0.3,0.3,0.3,0.3,0.3,0.3,0.3,0.3,0.3,0.3,0.3,0.3,0.3,0.3,0.3,0.3
infil_air_leakage,,MF_National_1.1,0.3,0.3,0.3,0.3,0.3,0.3,0.3,0.3,0.3,0.3,0.3,0.3,0.3,0.3,0.3,0.3,0.3,0.3,0.3,0.3
infil_air_leakage,,MF_National_1.2,0.3,0.3,0.3,0.3,0.3,0.3,0.3,0.3,0.3,0.3,0.3,0.3,0.3,0.3,0.3,0.3,0.3,0.3,0.3,0.3
infil_air_leakage,,MF_OregonWashington_1.2,,,,,,,,,,,,0.3,0.3,0.3,0.3,0.3,0.3,0.3,,
mechanical_ventilation_fan_type,,SF_National_3.0,supply only,supply only,supply only,supply only,supply only,supply only,supply only,supply only,supply only,supply only,supply only,exhaust only,exhaust only,exhaust only,exhaust only,exhaust only,exhaust only,exhaust only,exhaust only,exhaust only
mechanical_ventilation_fan_type,,SF_National_3.1,supply only,supply only,supply only,supply only,supply only,supply only,supply only,supply only,supply only,supply only,supply only,exhaust only,exhaust only,exhaust only,exhaust only,exhaust only,exhaust only,exhaust only,exhaust only,exhaust only
mechanical_ventilation_fan_type,,SF_National_3.2,supply only,supply only,supply only,supply only,supply only,supply only,supply only,supply only,supply only,supply only,supply only,exhaust only,exhaust only,exhaust only,exhaust only,exhaust only,exhaust only,exhaust only,exhaust only,exhaust only
mechanical_ventilation_fan_type,,SF_Pacific_3.0,supply only,supply only,supply only,,,,,,,,,,,,,,,,,
mechanical_ventilation_fan_type,,SF_Florida_3.1,supply only,supply only,supply only,supply only,supply only,supply only,,,,,,,,,,,,,,
mechanical_ventilation_fan_type,,SF_OregonWashington_3.2,,,,,,,,,,,,exhaust only,exhaust only,exhaust only,exhaust only,exhaust only,exhaust only,exhaust only,,
mechanical_ventilation_fan_type,,MF_National_1.0,supply only,supply only,supply only,supply only,supply only,supply only,supply only,supply only,supply only,supply only,supply only,exhaust only,exhaust only,exhaust only,exhaust only,exhaust only,exhaust only,exhaust only,exhaust only,exhaust only
mechanical_ventilation_fan_type,,MF_National_1.1,supply only,supply only,supply only,supply only,supply only,supply only,supply only,supply only,supply only,supply only,supply only,exhaust only,exhaust only,exhaust only,exhaust only,exhaust only,exhaust only,exhaust only,exhaust only,exhaust only
mechanical_ventilation_fan_type,,MF_National_1.2,supply only,supply only,supply only,supply only,supply only,supply only,supply only,supply only,supply only,supply only,supply only,exhaust only,exhaust only,exhaust only,exhaust only,exhaust only,exhaust only,exhaust only,exhaust only,exhaust only
mechanical_ventilation_fan_type,,MF_OregonWashington_1.2,,,,,,,,,,,,exhaust only,exhaust only,exhaust only,exhaust only,exhaust only,exhaust only,exhaust only,,
door_ufactor,,SF_National_3.0,0.21,0.21,0.21,0.21,0.21,0.21,0.21,0.21,0.21,0.21,0.21,0.21,0.21,0.21,0.21,0.21,0.21,0.21,0.21,0.21
door_ufactor,,SF_National_3.1,0.17,0.17,0.17,0.17,0.17,0.17,0.17,0.17,0.17,0.17,0.17,0.17,0.17,0.17,0.17,0.17,0.17,0.17,0.17,0.17
door_ufactor,,SF_National_3.2,0.17,0.17,0.17,0.17,0.17,0.17,0.17,0.17,0.17,0.17,0.17,0.17,0.17,0.17,0.17,0.17,0.17,0.17,0.17,0.17
door_ufactor,,SF_Pacific_3.0,0.21,0.21,0.21,,,,,,,,,,,,,,,,,
door_ufactor,,SF_Florida_3.1,0.21,0.21,0.21,0.21,0.21,0.21,,,,,,,,,,,,,,
door_ufactor,,SF_OregonWashington_3.2,,,,,,,,,,,,0.17,0.17,0.17,0.17,0.17,0.17,0.17,,
door_ufactor,,MF_National_1.0,0.21,0.21,0.21,0.21,0.21,0.21,0.21,0.21,0.21,0.21,0.21,0.21,0.21,0.21,0.21,0.21,0.21,0.21,0.21,0.21
door_ufactor,,MF_National_1.1,0.17,0.17,0.17,0.17,0.17,0.17,0.17,0.17,0.17,0.17,0.17,0.17,0.17,0.17,0.17,0.17,0.17,0.17,0.17,0.17
door_ufactor,,MF_National_1.2,0.17,0.17,0.17,0.17,0.17,0.17,0.17,0.17,0.17,0.17,0.17,0.17,0.17,0.17,0.17,0.17,0.17,0.17,0.17,0.17
door_ufactor,,MF_OregonWashington_1.2,,,,,,,,,,,,0.17,0.17,0.17,0.17,0.17,0.17,0.17,,
foundation_walls_ufactor_or_rvalue,,SF_National_3.0,0.36,0.36,0.36,0.36,0.36,0.36,0.091,0.091,0.091,0.059,0.059,0.059,0.059,0.059,0.059,0.05,0.05,0.05,0.05,0.05
foundation_walls_ufactor_or_rvalue,,SF_National_3.1,0.36,0.36,0.36,0.36,0.36,0.36,0.091,0.091,0.091,0.059,0.059,0.05,0.05,0.05,0.05,0.05,0.05,0.05,0.05,0.05
foundation_walls_ufactor_or_rvalue,,SF_National_3.2,0.36,0.36,0.36,0.36,0.36,0.36,0.091,0.091,0.091,0.059,0.059,0.05,0.05,0.05,0.05,0.05,0.05,0.05,0.05,0.05
foundation_walls_ufactor_or_rvalue,,SF_Pacific_3.0,0.36,0.36,0.36,,,,,,,,,,,,,,,,,
foundation_walls_ufactor_or_rvalue,,SF_Florida_3.1,0.36,0.36,0.36,0.36,0.36,0.36,,,,,,,,,,,,,,
foundation_walls_ufactor_or_rvalue,,SF_OregonWashington_3.2,,,,,,,,,,,,0.042,0.042,0.042,0.042,0.042,0.042,0.042,,
foundation_walls_ufactor_or_rvalue,,MF_National_1.0,0,0,0,0,0,0,0,0,0,7.5,7.5,7.5,7.5,7.5,7.5,7.5,7.5,7.5,10,12.5
foundation_walls_ufactor_or_rvalue,,MF_National_1.1,0,0,0,0,0,0,0,0,0,7.5,7.5,7.5,7.5,7.5,7.5,7.5,7.5,7.5,10,12.5
foundation_walls_ufactor_or_rvalue,,MF_National_1.2,0.36,0.36,0.36,0.36,0.36,0.36,0.091,0.091,0.091,0.059,0.059,0.05,0.05,0.05,0.05,0.05,0.05,0.05,0.05,0.05
foundation_walls_ufactor_or_rvalue,,MF_OregonWashington_1.2,,,,,,,,,,,,15,15,15,15,15,15,15,,
walls_ufactor,,SF_National_3.0,0.082,0.082,0.082,0.082,0.082,0.082,0.082,0.082,0.082,0.082,0.082,0.057,0.057,0.057,0.057,0.057,0.057,0.057,0.057,0.057
walls_ufactor,,SF_National_3.1,0.082,0.082,0.082,0.082,0.082,0.082,0.057,0.057,0.057,0.057,0.057,0.057,0.057,0.057,0.057,0.048,0.048,0.048,0.048,0.048
walls_ufactor,,SF_National_3.2,0.084,0.084,0.084,0.084,0.084,0.084,0.06,0.06,0.06,0.045,0.045,0.045,0.045,0.045,0.045,0.045,0.045,0.045,0.045,0.045
walls_ufactor,hawaii,SF_Pacific_3.0,0.082,0.082,0.082,,,,,,,,,,,,,,,,,
walls_ufactor,,SF_Pacific_3.0,0.401,0.401,0.401,,,,,,,,,,,,,,,,,
walls_ufactor,,SF_Florida_3.1,0.082,0.082,0.082,0.082,0.082,0.082,,,,,,,,,,,,,,
walls_ufactor,,SF_OregonWashington_3.2,,,,,,,,,,,,0.056,0.056,0.056,0.056,0.056,0.056,0.056,,
walls_ufactor,,MF_National_1.0,0.089,0.089,0.089,0.089,0.089,0.089,0.089,0.089,0.089,0.089,0.089,0.064,0.064,0.064,0.064,0.051,0.051,0.051,0.051,0.036
walls_ufactor,,MF_National_1.1,0.064,0.064,0.064,0.064,0.064,0.064,0.064,0.064,0.064,0.064,0.064,0.064,0.064,0.064,0.064,0.051,0.051,0.051,0.051,0.036
walls_ufactor,,MF_National_1.2,0.084,0.084,0.084,0.084,0.084,0.084,0.06,0.06,0.06,0.045,0.045,0.045,0.045,0.045,0.045,0.045,0.045,0.045,0.045,0.045
walls_ufactor,,MF_OregonWashington_1.2,,,,,,,,,,,,0.056,0.056,0.056,0.056,0.056,0.056,0.056,,
floors_over_uncond_spc_ufactor,,SF_National_3.0,0.064,0.064,0.064,0.064,0.064,0.064,0.047,0.047,0.047,0.047,0.047,0.033,0.033,0.033,0.033,0.033,0.033,0.033,0.028,0.028
floors_over_uncond_spc_ufactor,,SF_National_3.1,0.064,0.064,0.064,0.064,0.064,0.064,0.047,0.047,0.047,0.047,0.047,0.033,0.033,0.033,0.033,0.033,0.033,0.033,0.028,0.028
floors_over_uncond_spc_ufactor,,SF_National_3.2,0.064,0.064,0.064,0.064,0.064,0.064,0.047,0.047,0.047,0.047,0.047,0.033,0.033,0.033,0.033,0.033,0.033,0.033,0.028,0.028
floors_over_uncond_spc_ufactor,,SF_Pacific_3.0,0.257,0.257,0.257,,,,,,,,,,,,,,,,,
floors_over_uncond_spc_ufactor,,SF_Florida_3.1,0.064,0.064,0.064,0.064,0.064,0.064,,,,,,,,,,,,,,
floors_over_uncond_spc_ufactor,,SF_OregonWashington_3.2,,,,,,,,,,,,0.028,0.028,0.028,0.028,0.028,0.028,0.028,,
floors_over_uncond_spc_ufactor,,MF_National_1.0,0.282,0.282,0.282,0.052,0.052,0.052,0.033,0.033,0.033,0.033,0.033,0.033,0.033,0.033,0.033,0.033,0.033,0.033,0.033,0.033
floors_over_uncond_spc_ufactor,concrete,MF_National_1.0,0.322,0.322,0.322,0.087,0.087,0.087,0.087,0.087,0.087,0.074,0.074,0.064,0.064,0.064,0.064,0.057,0.057,0.057,0.051,0.051
floors_over_uncond_spc_ufactor,,MF_National_1.1,0.066,0.066,0.066,0.033,0.033,0.033,0.033,0.033,0.033,0.033,0.033,0.033,0.033,0.033,0.033,0.033,0.033,0.033,0.033,0.033
floors_over_uncond_spc_ufactor,concrete,MF_National_1.1,0.322,0.322,0.322,0.087,0.087,0.087,0.076,0.076,0.076,0.074,0.074,0.064,0.064,0.064,0.064,0.057,0.057,0.057,0.051,0.051
floors_over_uncond_spc_ufactor,,MF_National_1.2,0.064,0.064,0.064,0.064,0.064,0.064,0.047,0.047,0.047,0.047,0.047,0.033,0.033,0.033,0.033,0.033,0.033,0.033,0.028,0.028
floors_over_uncond_spc_ufactor,concrete,MF_National_1.2,0.322,0.322,0.322,0.087,0.087,0.087,0.074,0.074,0.074,0.051,0.051,0.051,0.051,0.051,0.051,0.051,0.051,0.051,0.042,0.038
floors_over_uncond_spc_ufactor,,MF_OregonWashington_1.2,,,,,,,,,,,,0.028,0.028,0.028,0.028,0.028,0.028,0.028,,
hot_water_distribution_pipe_r_value,,SF_National_3.0,0,0,0,0,0,0,0,0,0,0,0,0,0,0,0,0,0,0,0,0
hot_water_distribution_pipe_r_value,,SF_National_3.1,0,0,0,0,0,0,0,0,0,0,0,0,0,0,0,0,0,0,0,0
hot_water_distribution_pipe_r_value,,SF_National_3.2,0,0,0,0,0,0,0,0,0,0,0,0,0,0,0,0,0,0,0,0
hot_water_distribution_pipe_r_value,,SF_Pacific_3.0,0,0,0,,,,,,,,,,,,,,,,,
hot_water_distribution_pipe_r_value,,SF_Florida_3.1,0,0,0,0,0,0,,,,,,,,,,,,,,
hot_water_distribution_pipe_r_value,,SF_OregonWashington_3.2,,,,,,,,,,,,3,3,3,3,3,3,3,,
hot_water_distribution_pipe_r_value,,MF_National_1.0,0,0,0,0,0,0,0,0,0,0,0,0,0,0,0,0,0,0,0,0
hot_water_distribution_pipe_r_value,,MF_National_1.1,0,0,0,0,0,0,0,0,0,0,0,0,0,0,0,0,0,0,0,0
hot_water_distribution_pipe_r_value,,MF_National_1.2,0,0,0,0,0,0,0,0,0,0,0,0,0,0,0,0,0,0,0,0
hot_water_distribution_pipe_r_value,,MF_OregonWashington_1.2,,,,,,,,,,,,3,3,3,3,3,3,3,,
boiler_eff,fuel_oil,SF_National_3.0,0.8,0.8,0.8,0.8,0.8,0.8,0.8,0.8,0.8,0.85,0.85,0.85,0.85,0.85,0.85,0.85,0.85,0.85,0.85,0.85
boiler_eff,fuel_oil,SF_National_3.1,0.8,0.8,0.8,0.8,0.8,0.8,0.8,0.8,0.8,0.86,0.86,0.86,0.86,0.86,0.86,0.86,0.86,0.86,0.86,0.86
boiler_eff,fuel_oil,SF_National_3.2,0.8,0.8,0.8,0.8,0.8,0.8,0.8,0.8,0.8,0.9,0.9,0.95,0.95,0.95,0.95,0.95,0.95,0.95,0.95,0.95
boiler_eff,fuel_oil,SF_Pacific_3.0,0.8,0.8,0.8,,,,,,,,,,,,,,,,,
boiler_eff,fuel_oil,SF_Florida_3.1,0.8,0.8,0.8,0.8,0.8,0.8,,,,,,,,,,,,,,
boiler_eff,fuel_oil,SF_OregonWashington_3.2,,,,,,,,,,,,0.86,0.86,0.86,0.86,0.86,0.86,0.86,,
boiler_eff,fuel_oil,MF_National_1.0,0.8,0.8,0.8,0.8,0.8,0.8,0.8,0.8,0.8,0.85,0.85,0.85,0.85,0.85,0.85,0.85,0.85,0.85,0.85,0.85
boiler_eff,fuel_oil,MF_National_1.1,0.8,0.8,0.8,0.8,0.8,0.8,0.8,0.8,0.8,0.86,0.86,0.86,0.86,0.86,0.86,0.86,0.86,0.86,0.86,0.86
boiler_eff,fuel_oil,MF_National_1.2,0.8,0.8,0.8,0.8,0.8,0.8,0.8,0.8,0.8,0.9,0.9,0.95,0.95,0.95,0.95,0.95,0.95,0.95,0.95,0.95
boiler_eff,fuel_oil,MF_OregonWashington_1.2,,,,,,,,,,,,0.86,0.86,0.86,0.86,0.86,0.86,0.86,,
boiler_eff,natural_gas_propane_wood_wood_pellets,SF_National_3.0,0.8,0.8,0.8,0.8,0.8,0.8,0.8,0.8,0.8,0.85,0.85,0.85,0.85,0.85,0.85,0.85,0.85,0.85,0.85,0.85
boiler_eff,natural_gas_propane_wood_wood_pellets,SF_National_3.1,0.8,0.8,0.8,0.8,0.8,0.8,0.8,0.8,0.8,0.9,0.9,0.9,0.9,0.9,0.9,0.9,0.9,0.9,0.9,0.9
boiler_eff,natural_gas_propane_wood_wood_pellets,SF_National_3.2,0.8,0.8,0.8,0.8,0.8,0.8,0.8,0.8,0.8,0.9,0.9,0.95,0.95,0.95,0.95,0.95,0.95,0.95,0.95,0.95
boiler_eff,natural_gas_propane_wood_wood_pellets,SF_Pacific_3.0,0.8,0.8,0.8,,,,,,,,,,,,,,,,,
boiler_eff,natural_gas_propane_wood_wood_pellets,SF_Florida_3.1,0.8,0.8,0.8,0.8,0.8,0.8,,,,,,,,,,,,,,
boiler_eff,natural_gas_propane_wood_wood_pellets,SF_OregonWashington_3.2,,,,,,,,,,,,0.9,0.9,0.9,0.9,0.9,0.9,0.9,,
boiler_eff,natural_gas_propane_wood_wood_pellets,MF_National_1.0,0.8,0.8,0.8,0.8,0.8,0.8,0.8,0.8,0.8,0.85,0.85,0.85,0.85,0.85,0.85,0.85,0.85,0.85,0.85,0.85
boiler_eff,natural_gas_propane_wood_wood_pellets,MF_National_1.1,0.8,0.8,0.8,0.8,0.8,0.8,0.8,0.8,0.8,0.9,0.9,0.9,0.9,0.9,0.9,0.9,0.9,0.9,0.9,0.9
boiler_eff,natural_gas_propane_wood_wood_pellets,MF_National_1.2,0.8,0.8,0.8,0.8,0.8,0.8,0.8,0.8,0.8,0.9,0.9,0.95,0.95,0.95,0.95,0.95,0.95,0.95,0.95,0.95
boiler_eff,natural_gas_propane_wood_wood_pellets,MF_OregonWashington_1.2,,,,,,,,,,,,0.9,0.9,0.9,0.9,0.9,0.9,0.9,,
furnace_afue,fuel_oil,SF_National_3.0,0.8,0.8,0.8,0.8,0.8,0.8,0.8,0.8,0.8,0.85,0.85,0.85,0.85,0.85,0.85,0.85,0.85,0.85,0.85,0.85
furnace_afue,fuel_oil,SF_National_3.1,0.8,0.8,0.8,0.8,0.8,0.8,0.8,0.8,0.8,0.85,0.85,0.85,0.85,0.85,0.85,0.85,0.85,0.85,0.85,0.85
furnace_afue,fuel_oil,SF_National_3.2,0.8,0.8,0.8,0.8,0.8,0.8,0.8,0.8,0.8,0.9,0.9,0.95,0.95,0.95,0.95,0.95,0.95,0.95,0.95,0.95
furnace_afue,fuel_oil,SF_Pacific_3.0,0.8,0.8,0.8,,,,,,,,,,,,,,,,,
furnace_afue,fuel_oil,SF_Florida_3.1,0.8,0.8,0.8,0.8,0.8,0.8,,,,,,,,,,,,,,
furnace_afue,fuel_oil,SF_OregonWashington_3.2,,,,,,,,,,,,0.85,0.85,0.85,0.85,0.85,0.85,0.85,,
furnace_afue,fuel_oil,MF_National_1.0,0.8,0.8,0.8,0.8,0.8,0.8,0.8,0.8,0.8,0.85,0.85,0.85,0.85,0.85,0.85,0.85,0.85,0.85,0.85,0.85
furnace_afue,fuel_oil,MF_National_1.1,0.8,0.8,0.8,0.8,0.8,0.8,0.8,0.8,0.8,0.85,0.85,0.85,0.85,0.85,0.85,0.85,0.85,0.85,0.85,0.85
furnace_afue,fuel_oil,MF_National_1.2,0.8,0.8,0.8,0.8,0.8,0.8,0.8,0.8,0.8,0.9,0.9,0.95,0.95,0.95,0.95,0.95,0.95,0.95,0.95,0.95
furnace_afue,fuel_oil,MF_OregonWashington_1.2,,,,,,,,,,,,0.85,0.85,0.85,0.85,0.85,0.85,0.85,,
furnace_afue,natural_gas_propane_wood_wood_pellets,SF_National_3.0,0.8,0.8,0.8,0.8,0.8,0.8,0.8,0.8,0.8,0.9,0.9,0.9,0.9,0.9,0.9,0.9,0.9,0.9,0.9,0.9
furnace_afue,natural_gas_propane_wood_wood_pellets,SF_National_3.1,0.8,0.8,0.8,0.8,0.8,0.8,0.8,0.8,0.8,0.95,0.95,0.95,0.95,0.95,0.95,0.95,0.95,0.95,0.95,0.95
furnace_afue,natural_gas_propane_wood_wood_pellets,SF_National_3.2,0.8,0.8,0.8,0.8,0.8,0.8,0.8,0.8,0.8,0.9,0.9,0.95,0.95,0.95,0.95,0.95,0.95,0.95,0.95,0.95
furnace_afue,natural_gas_propane_wood_wood_pellets,SF_Pacific_3.0,0.8,0.8,0.8,,,,,,,,,,,,,,,,,
furnace_afue,natural_gas_propane_wood_wood_pellets,SF_Florida_3.1,0.8,0.8,0.8,0.8,0.8,0.8,,,,,,,,,,,,,,
furnace_afue,natural_gas_propane_wood_wood_pellets,SF_OregonWashington_3.2,,,,,,,,,,,,0.95,0.95,0.95,0.95,0.95,0.95,0.95,,
furnace_afue,natural_gas_propane_wood_wood_pellets,MF_National_1.0,0.8,0.8,0.8,0.8,0.8,0.8,0.8,0.8,0.8,0.9,0.9,0.9,0.9,0.9,0.9,0.9,0.9,0.9,0.9,0.9
furnace_afue,natural_gas_propane_wood_wood_pellets,MF_National_1.1,0.8,0.8,0.8,0.8,0.8,0.8,0.8,0.8,0.8,0.95,0.95,0.95,0.95,0.95,0.95,0.95,0.95,0.95,0.95,0.95
furnace_afue,natural_gas_propane_wood_wood_pellets,MF_National_1.2,0.8,0.8,0.8,0.8,0.8,0.8,0.8,0.8,0.8,0.9,0.9,0.95,0.95,0.95,0.95,0.95,0.95,0.95,0.95,0.95
furnace_afue,natural_gas_propane_wood_wood_pellets,MF_OregonWashington_1.2,,,,,,,,,,,,0.95,0.95,0.95,0.95,0.95,0.95,0.95,,
heat_pump_backup_fuel,,SF_National_3.0,electricity,electricity,electricity,electricity,electricity,electricity,electricity,electricity,electricity,electricity,electricity,electricity,electricity,electricity,electricity,electricity,electricity,electricity,,
heat_pump_backup_fuel,,SF_National_3.1,electricity,electricity,electricity,electricity,electricity,electricity,electricity,electricity,electricity,electricity,electricity,electricity,electricity,electricity,electricity,electricity,electricity,electricity,,
heat_pump_backup_fuel,,SF_National_3.2,electricity,electricity,electricity,electricity,electricity,electricity,electricity,electricity,electricity,electricity,electricity,electricity,electricity,electricity,electricity,electricity,electricity,electricity,electricity,electricity
heat_pump_backup_fuel,,SF_Pacific_3.0,electricity,electricity,electricity,,,,,,,,,,,,,,,,,
heat_pump_backup_fuel,,SF_Florida_3.1,electricity,electricity,electricity,electricity,electricity,electricity,,,,,,,,,,,,,,
heat_pump_backup_fuel,,SF_OregonWashington_3.2,,,,,,,,,,,,electricity,electricity,electricity,electricity,electricity,electricity,electricity,,
heat_pump_backup_fuel,,MF_National_1.0,electricity,electricity,electricity,electricity,electricity,electricity,electricity,electricity,electricity,electricity,electricity,electricity,electricity,electricity,electricity,electricity,electricity,electricity,,
heat_pump_backup_fuel,,MF_National_1.1,electricity,electricity,electricity,electricity,electricity,electricity,electricity,electricity,electricity,electricity,electricity,electricity,electricity,electricity,electricity,electricity,electricity,electricity,electricity,electricity
heat_pump_backup_fuel,,MF_National_1.2,electricity,electricity,electricity,electricity,electricity,electricity,electricity,electricity,electricity,electricity,electricity,electricity,electricity,electricity,electricity,electricity,electricity,electricity,electricity,electricity
heat_pump_backup_fuel,,MF_OregonWashington_1.2,,,,,,,,,,,,electricity,electricity,electricity,electricity,electricity,electricity,electricity,,
ashp_hspf,,SF_National_3.0,8.2,8.2,8.2,8.2,8.2,8.2,8.2,8.2,8.2,8.5,8.5,9.25,9.25,9.25,9.25,9.5,9.5,9.5,,
ashp_hspf,,SF_National_3.1,8.2,8.2,8.2,8.2,8.2,8.2,8.2,8.2,8.2,8.5,8.5,9.25,9.25,9.25,9.25,9.5,9.5,9.5,,
ashp_hspf,,SF_National_3.2,9.2,9.2,9.2,9.2,9.2,9.2,9.2,9.2,9.2,9.2,9.2,9.2,9.2,9.2,9.2,9.2,9.2,9.2,9.2,9.2
ashp_hspf,,SF_Pacific_3.0,8.2,8.2,8.2,,,,,,,,,,,,,,,,,
ashp_hspf,,SF_Florida_3.1,8.2,8.2,8.2,8.2,8.2,8.2,,,,,,,,,,,,,,
ashp_hspf,,SF_OregonWashington_3.2,,,,,,,,,,,,9.5,9.5,9.5,9.5,9.5,9.5,9.5,,
ashp_hspf,,MF_National_1.0,8.2,8.2,8.2,8.2,8.2,8.2,8.2,8.2,8.2,8.5,8.5,9.25,9.25,9.25,9.25,9.5,9.5,9.5,,
ashp_hspf,,MF_National_1.1,8.2,8.2,8.2,8.2,8.2,8.2,8.2,8.2,8.2,8.5,8.5,9.25,9.25,9.25,9.25,9.5,9.5,9.5,,
ashp_hspf,,MF_National_1.2,9.2,9.2,9.2,9.2,9.2,9.2,9.2,9.2,9.2,9.2,9.2,9.2,9.2,9.2,9.2,9.2,9.2,9.2,9.2,9.2
ashp_hspf,,MF_OregonWashington_1.2,,,,,,,,,,,,9.5,9.5,9.5,9.5,9.5,9.5,9.5,,
gshp_cop,,SF_National_3.0,,,,,,,,,,,,,,,,,,,3.5,3.5
gshp_cop,,SF_National_3.1,,,,,,,,,,,,,,,,,,,3.6,3.6
gshp_cop,,SF_National_3.2,,,,,,,,,,,,,,,,,,,,
gshp_cop,,SF_Pacific_3.0,,,,,,,,,,,,,,,,,,,,
gshp_cop,,SF_Florida_3.1,,,,,,,,,,,,,,,,,,,,
gshp_cop,,SF_OregonWashington_3.2,,,,,,,,,,,,,,,,,,,,
gshp_cop,,MF_National_1.0,,,,,,,,,,,,,,,,,,,3.5,3.5
gshp_cop,,MF_National_1.1,,,,,,,,,,,,,,,,,,,3.6,3.6
gshp_cop,,MF_National_1.2,2.7,2.7,2.7,2.7,2.7,2.7,2.7,2.7,2.7,2.7,2.7,2.7,2.7,2.7,2.7,2.7,2.7,2.7,2.7,2.7
gshp_cop,,MF_OregonWashington_1.2,,,,,,,,,,,,,,,,,,,,
ac_seer,,SF_National_3.0,14.5,14.5,14.5,14.5,14.5,14.5,14.5,14.5,14.5,13,13,13,13,13,13,13,13,13,13,13
ac_seer,,SF_National_3.1,15,15,15,15,15,15,15,15,15,13,13,13,13,13,13,13,13,13,13,13
ac_seer,,SF_National_3.2,16,16,16,16,16,16,16,16,16,16,16,14,14,14,14,14,14,14,14,14
ac_seer,,SF_Pacific_3.0,14.5,14.5,14.5,,,,,,,,,,,,,,,,,
ac_seer,,SF_Florida_3.1,15,15,15,15,15,15,,,,,,,,,,,,,,
ac_seer,,SF_OregonWashington_3.2,,,,,,,,,,,,13,13,13,13,13,13,13,,
ac_seer,,MF_National_1.0,14.5,14.5,14.5,14.5,14.5,14.5,14.5,14.5,14.5,13,13,13,13,13,13,13,13,13,13,13
ac_seer,,MF_National_1.1,15,15,15,15,15,15,15,15,15,13,13,13,13,13,13,13,13,13,13,13
ac_seer,,MF_National_1.2,16,16,16,16,16,16,16,16,16,16,16,14,14,14,14,14,14,14,14,14
ac_seer,,MF_OregonWashington_1.2,,,,,,,,,,,,13,13,13,13,13,13,13,,
ashp_seer,,SF_National_3.0,14.5,14.5,14.5,14.5,14.5,14.5,14.5,14.5,14.5,14.5,14.5,14.5,14.5,14.5,14.5,14.5,14.5,14.5,,
ashp_seer,,SF_National_3.1,15,15,15,15,15,15,15,15,15,15,15,15,15,15,15,15,15,15,,
ashp_seer,,SF_National_3.2,16,16,16,16,16,16,16,16,16,16,16,16,16,16,16,16,16,16,16,16
ashp_seer,,SF_Pacific_3.0,14.5,14.5,14.5,,,,,,,,,,,,,,,,,
ashp_seer,,SF_Florida_3.1,15,15,15,15,15,15,,,,,,,,,,,,,,
ashp_seer,,SF_OregonWashington_3.2,,,,,,,,,,,,15,15,15,15,15,15,15,,
ashp_seer,,MF_National_1.0,14.5,14.5,14.5,14.5,14.5,14.5,14.5,14.5,14.5,14.5,14.5,14.5,14.5,14.5,14.5,14.5,14.5,14.5,,
ashp_seer,,MF_National_1.1,15,15,15,15,15,15,15,15,15,15,15,15,15,15,15,15,15,15,,
ashp_seer,,MF_National_1.2,16,16,16,16,16,16,16,16,16,16,16,16,16,16,16,16,16,16,16,16
ashp_seer,,MF_OregonWashington_1.2,,,,,,,,,,,,15,15,15,15,15,15,15,,
gshp_eer,,SF_National_3.0,,,,,,,,,,,,,,,,,,,16.1,16.1
gshp_eer,,SF_National_3.1,,,,,,,,,,,,,,,,,,,17.1,17.1
gshp_eer,,SF_National_3.2,,,,,,,,,,,,,,,,,,,,
gshp_eer,,SF_Pacific_3.0,,,,,,,,,,,,,,,,,,,,
gshp_eer,,SF_Florida_3.1,,,,,,,,,,,,,,,,,,,,
gshp_eer,,SF_OregonWashington_3.2,,,,,,,,,,,,,,,,,,,,
gshp_eer,,MF_National_1.0,,,,,,,,,,,,,,,,,,,16.1,16.1
gshp_eer,,MF_National_1.1,,,,,,,,,,,,,,,,,,,17.1,17.1
gshp_eer,,MF_National_1.2,14,14,14,14,14,14,14,14,14,14,14,14,14,14,14,14,14,14,14,14
gshp_eer,,MF_OregonWashington_1.2,,,,,,,,,,,,,,,,,,,,
fan_cfm_per_w,,SF_National_3.0,2.2,2.2,2.2,2.2,2.2,2.2,2.2,2.2,2.2,2.2,2.2,2.2,2.2,2.2,2.2,2.2,2.2,2.2,2.2,2.2
fan_cfm_per_w,,SF_National_3.1,2.8,2.8,2.8,2.8,2.8,2.8,2.8,2.8,2.8,2.8,2.8,2.8,2.8,2.8,2.8,2.8,2.8,2.8,2.8,2.8
fan_cfm_per_w,,SF_National_3.2,2.8,2.8,2.8,2.8,2.8,2.8,2.8,2.8,2.8,2.8,2.8,2.8,2.8,2.8,2.8,2.8,2.8,2.8,2.8,2.8
fan_cfm_per_w,,SF_Pacific_3.0,2.2,2.2,2.2,,,,,,,,,,,,,,,,,
fan_cfm_per_w,,SF_Florida_3.1,2.2,2.2,2.2,2.2,2.2,2.2,,,,,,,,,,,,,,
fan_cfm_per_w,,SF_OregonWashington_3.2,,,,,,,,,,,,2.8,2.8,2.8,2.8,2.8,2.8,2.8,,
fan_cfm_per_w,,MF_National_1.0,2.2,2.2,2.2,2.2,2.2,2.2,2.2,2.2,2.2,2.2,2.2,2.2,2.2,2.2,2.2,2.2,2.2,2.2,2.2,2.2
fan_cfm_per_w,,MF_National_1.1,2.8,2.8,2.8,2.8,2.8,2.8,2.8,2.8,2.8,2.8,2.8,2.8,2.8,2.8,2.8,2.8,2.8,2.8,2.8,2.8
fan_cfm_per_w,,MF_National_1.2,2.8,2.8,2.8,2.8,2.8,2.8,2.8,2.8,2.8,2.8,2.8,2.8,2.8,2.8,2.8,2.8,2.8,2.8,2.8,2.8
fan_cfm_per_w,,MF_OregonWashington_1.2,,,,,,,,,,,,2.8,2.8,2.8,2.8,2.8,2.8,2.8,,
slab_perimeter_ins_depth,,SF_National_3.0,0,0,0,0,0,0,0,0,0,2,2,2,2,2,2,4,4,4,4,4
slab_perimeter_ins_depth,,SF_National_3.1,0,0,0,0,0,0,0,0,0,2,2,2,2,2,2,4,4,4,4,4
slab_perimeter_ins_depth,,SF_National_3.2,0,0,0,0,0,0,2,2,2,4,4,4,4,4,4,4,4,4,4,4
slab_perimeter_ins_depth,,SF_Pacific_3.0,0,0,0,,,,,,,,,,,,,,,,,
slab_perimeter_ins_depth,,SF_Florida_3.1,0,0,0,0,0,0,,,,,,,,,,,,,,
slab_perimeter_ins_depth,,SF_OregonWashington_3.2,,,,,,,,,,,,2,2,2,2,2,2,2,,
slab_perimeter_ins_depth,,MF_National_1.0,0,0,0,0,0,0,0,0,0,2,2,2,2,2,2,2,2,2,2,2
slab_perimeter_ins_depth,,MF_National_1.1,0,0,0,0,0,0,0,0,0,2,2,2,2,2,2,2,2,2,2,2
slab_perimeter_ins_depth,,MF_National_1.2,0,0,0,0,0,0,2,2,2,4,4,4,4,4,4,4,4,4,4,4
slab_perimeter_ins_depth,,MF_OregonWashington_1.2,,,,,,,,,,,,2,2,2,2,2,2,2,,
slab_perimeter_ins_rvalue,,SF_National_3.0,0,0,0,0,0,0,0,0,0,10,10,10,10,10,10,10,10,10,10,10
slab_perimeter_ins_rvalue,,SF_National_3.1,0,0,0,0,0,0,0,0,0,10,10,10,10,10,10,10,10,10,10,10
slab_perimeter_ins_rvalue,,SF_National_3.2,0,0,0,0,0,0,10,10,10,10,10,10,10,10,10,10,10,10,10,10
slab_perimeter_ins_rvalue,,SF_Pacific_3.0,0,0,0,,,,,,,,,,,,,,,,,
slab_perimeter_ins_rvalue,,SF_Florida_3.1,0,0,0,0,0,0,,,,,,,,,,,,,,
slab_perimeter_ins_rvalue,,SF_OregonWashington_3.2,,,,,,,,,,,,10,10,10,10,10,10,10,,
slab_perimeter_ins_rvalue,,MF_National_1.0,0,0,0,0,0,0,0,0,0,10,10,10,10,10,10,15,15,15,15,20
slab_perimeter_ins_rvalue,,MF_National_1.1,0,0,0,0,0,0,0,0,0,10,10,10,10,10,10,15,15,15,15,20
slab_perimeter_ins_rvalue,,MF_National_1.2,0,0,0,0,0,0,10,10,10,10,10,10,10,10,10,10,10,10,10,10
slab_perimeter_ins_rvalue,,MF_OregonWashington_1.2,,,,,,,,,,,10,10,10,10,10,10,10,10,,
slab_under_ins_width,,SF_National_3.0,0,0,0,0,0,0,0,0,0,0,0,0,0,0,0,0,0,0,0,0
slab_under_ins_width,,SF_National_3.1,0,0,0,0,0,0,0,0,0,0,0,0,0,0,0,0,0,0,0,0
slab_under_ins_width,,SF_National_3.2,0,0,0,0,0,0,0,0,0,0,0,0,0,0,0,0,0,0,0,0
slab_under_ins_width,,SF_Pacific_3.0,0,0,0,,,,,,,,,,,,,,,,,
slab_under_ins_width,,SF_Florida_3.1,0,0,0,0,0,0,,,,,,,,,,,,,,
slab_under_ins_width,,SF_OregonWashington_3.2,,,,,,,,,,,,,,,,,,,,
slab_under_ins_width,,MF_National_1.0,0,0,0,0,0,0,0,0,0,0,0,0,0,0,0,0,0,0,0,0
slab_under_ins_width,,MF_National_1.1,0,0,0,0,0,0,0,0,0,0,0,0,0,0,0,0,0,0,0,0
slab_under_ins_width,,MF_National_1.2,0,0,0,0,0,0,0,0,0,0,0,0,0,0,0,0,0,0,0,0
slab_under_ins_width,,MF_OregonWashington_1.2,,,,,,,,,,,,,,,,,,,,
slab_under_ins_rvalue,,SF_National_3.0,0,0,0,0,0,0,0,0,0,0,0,0,0,0,0,0,0,0,0,0
slab_under_ins_rvalue,,SF_National_3.1,0,0,0,0,0,0,0,0,0,0,0,0,0,0,0,0,0,0,0,0
slab_under_ins_rvalue,,SF_National_3.2,0,0,0,0,0,0,0,0,0,0,0,0,0,0,0,0,0,0,0,0
slab_under_ins_rvalue,,SF_Pacific_3.0,0,0,0,,,,,,,,,,,,,,,,,
slab_under_ins_rvalue,,SF_Florida_3.1,0,0,0,0,0,0,,,,,,,,,,,,,,
slab_under_ins_rvalue,,SF_OregonWashington_3.2,,,,,,,,,,,,10,10,10,10,10,10,10,,
slab_under_ins_rvalue,,MF_National_1.0,0,0,0,0,0,0,0,0,0,0,0,0,0,0,0,0,0,0,0,0
slab_under_ins_rvalue,,MF_National_1.1,0,0,0,0,0,0,0,0,0,0,0,0,0,0,0,0,0,0,0,0
slab_under_ins_rvalue,,MF_National_1.2,0,0,0,0,0,0,0,0,0,0,0,0,0,0,0,0,0,0,0,0
slab_under_ins_rvalue,,MF_OregonWashington_1.2,,,,,,,,,,,,10,10,10,10,10,10,10,,
ceiling_ufactor,,SF_National_3.0,0.035,0.035,0.035,0.035,0.035,0.035,0.035,0.035,0.035,0.03,0.03,0.03,0.03,0.03,0.03,0.026,0.026,0.026,0.026,0.026
ceiling_ufactor,,SF_National_3.1,0.035,0.035,0.035,0.03,0.03,0.03,0.03,0.03,0.03,0.026,0.026,0.026,0.026,0.026,0.026,0.026,0.026,0.026,0.026,0.026
ceiling_ufactor,,SF_National_3.2,0.035,0.035,0.035,0.026,0.026,0.026,0.026,0.026,0.026,0.024,0.024,0.024,0.024,0.024,0.024,0.024,0.024,0.024,0.024,0.024
ceiling_ufactor,,SF_Pacific_3.0,0.035,0.035,0.035,,,,,,,,,,,,,,,,,
ceiling_ufactor,,SF_Florida_3.1,0.035,0.035,0.035,0.035,0.035,0.035,,,,,,,,,,,,,,
ceiling_ufactor,,SF_OregonWashington_3.2,,,,,,,,,,,,0.026,0.026,0.026,0.026,0.026,0.026,0.026,,
ceiling_ufactor,,MF_National_1.0,0.027,0.027,0.027,0.027,0.027,0.027,0.027,0.027,0.027,0.027,0.027,0.027,0.027,0.027,0.027,0.027,0.027,0.027,0.027,0.027
ceiling_ufactor,,MF_National_1.1,0.027,0.027,0.027,0.027,0.027,0.027,0.027,0.027,0.027,0.027,0.027,0.021,0.021,0.021,0.021,0.021,0.021,0.021,0.021,0.021
ceiling_ufactor,,MF_National_1.2,0.035,0.035,0.035,0.026,0.026,0.026,0.026,0.026,0.026,0.024,0.024,0.024,0.024,0.024,0.024,0.024,0.024,0.024,0.024,0.024
ceiling_ufactor,,MF_OregonWashington_1.2,,,,,,,,,,,,0.026,0.026,0.026,0.026,0.026,0.026,0.026,,
window_ufactor,,SF_National_3.0,0.6,0.6,0.6,0.6,0.6,0.6,0.35,0.35,0.35,0.32,0.32,0.3,0.3,0.3,0.3,0.3,0.3,0.3,0.3,0.3
window_ufactor,,SF_National_3.1,0.4,0.4,0.4,0.4,0.4,0.4,0.3,0.3,0.3,0.3,0.3,0.27,0.27,0.27,0.27,0.27,0.27,0.27,0.27,0.27
window_ufactor,,SF_National_3.2,0.4,0.4,0.4,0.4,0.4,0.4,0.3,0.3,0.3,0.3,0.3,0.27,0.27,0.27,0.27,0.27,0.27,0.27,0.27,0.27
window_ufactor,,SF_Pacific_3.0,0.6,0.6,0.6,,,,,,,,,,,,,,,,,
window_ufactor,,SF_Florida_3.1,0.65,0.65,0.65,0.65,0.65,0.65,,,,,,,,,,,,,,
window_ufactor,,SF_OregonWashington_3.2,,,,,,,,,,,,0.27,0.27,0.27,0.27,0.27,0.27,0.27,,
window_ufactor,architectural_operable,MF_National_1.0,0.65,0.65,0.65,0.65,0.65,0.65,0.6,0.6,0.6,0.45,0.45,0.45,0.45,0.45,0.45,0.43,0.43,0.43,0.37,0.37
window_ufactor,architectural_fixed,MF_National_1.0,0.5,0.5,0.5,0.5,0.5,0.5,0.46,0.46,0.46,0.38,0.38,0.38,0.38,0.38,0.38,0.36,0.36,0.36,0.29,0.29
window_ufactor,,MF_National_1.0,0.6,0.6,0.6,0.6,0.6,0.6,0.35,0.35,0.35,0.32,0.32,0.3,0.3,0.3,0.3,0.3,0.3,0.3,0.3,0.3
window_ufactor,architectural_operable,MF_National_1.1,0.62,0.62,0.62,0.62,0.62,0.62,0.57,0.57,0.57,0.43,0.43,0.43,0.43,0.43,0.43,0.41,0.41,0.41,0.35,0.35
window_ufactor,architectural_fixed,MF_National_1.1,0.48,0.48,0.48,0.48,0.48,0.48,0.44,0.44,0.44,0.36,0.36,0.36,0.36,0.36,0.36,0.34,0.34,0.34,0.28,0.28
window_ufactor,,MF_National_1.1,0.4,0.4,0.4,0.4,0.4,0.4,0.3,0.3,0.3,0.3,0.3,0.27,0.27,0.27,0.27,0.27,0.27,0.27,0.27,0.27
window_ufactor,architectural_operable,MF_National_1.2,0.59,0.59,0.59,0.57,0.57,0.57,0.51,0.51,0.51,0.43,0.43,0.43,0.43,0.43,0.43,0.4,0.4,0.4,0.34,0.3
window_ufactor,architectural_fixed,MF_National_1.2,0.48,0.48,0.48,0.43,0.43,0.43,0.4,0.4,0.4,0.34,0.34,0.34,0.34,0.34,0.34,0.32,0.32,0.32,0.28,0.27
window_ufactor,,MF_National_1.2,0.4,0.4,0.4,0.4,0.4,0.4,0.3,0.3,0.3,0.3,0.3,0.27,0.27,0.27,0.27,0.27,0.27,0.27,0.27,0.27
window_ufactor,architectural_operable,MF_OregonWashington_1.2,,,,,,,,,,,,0.43,0.43,0.43,0.43,0.41,0.41,0.41,,
window_ufactor,architectural_fixed,MF_OregonWashington_1.2,,,,,,,,,,,,0.36,0.36,0.36,0.36,0.34,0.34,0.34,,
window_ufactor,,MF_OregonWashington_1.2,,,,,,,,,,,,0.27,0.27,0.27,0.27,0.27,0.27,0.27,,
window_shgc,,SF_National_3.0,0.27,0.27,0.27,0.27,0.27,0.27,0.3,0.3,0.3,0.4,0.4,0.4,0.4,0.4,0.4,0.4,0.4,0.4,0.4,0.4
window_shgc,,SF_National_3.1,0.25,0.25,0.25,0.25,0.25,0.25,0.25,0.25,0.25,0.4,0.4,0.4,0.4,0.4,0.4,0.4,0.4,0.4,0.4,0.4
window_shgc,,SF_National_3.2,0.25,0.25,0.25,0.25,0.25,0.25,0.25,0.25,0.25,0.4,0.4,0.4,0.4,0.4,0.4,0.4,0.4,0.4,0.4,0.4
window_shgc,,SF_Pacific_3.0,0.27,0.27,0.27,,,,,,,,,,,,,,,,,
window_shgc,,SF_Florida_3.1,0.27,0.27,0.27,0.27,0.27,0.27,,,,,,,,,,,,,,
window_shgc,,SF_OregonWashington_3.2,,,,,,,,,,,,0.3,0.3,0.3,0.3,0.3,0.3,0.3,,
window_shgc,,MF_National_1.0,0.27,0.27,0.27,0.27,0.27,0.27,0.3,0.3,0.3,0.4,0.4,0.4,0.4,0.4,0.4,0.4,0.4,0.4,0.4,0.4
window_shgc,,MF_National_1.1,0.25,0.25,0.25,0.25,0.25,0.25,0.25,0.25,0.25,0.4,0.4,0.4,0.4,0.4,0.4,0.4,0.4,0.4,0.4,0.4
window_shgc,,MF_National_1.2,0.25,0.25,0.25,0.25,0.25,0.25,0.25,0.25,0.25,0.4,0.4,0.4,0.4,0.4,0.4,0.4,0.4,0.4,0.4,0.4
window_shgc,,MF_OregonWashington_1.2,,,,,,,,,,,,0.3,0.3,0.3,0.3,0.3,0.3,0.3,,
